tahun,rata_rata
2024,2.7899999999999996
2023,3.685833333333333
2022,4.2058333333333335
2021,1.5599999999999998
2020,2.035833333333333
